-- =====================================================
-- ADDITIONAL ORDERS (30 new orders with line items and operations)
-- Includes 15 multi-stage orders, 4 mixed orders, 11 single-stage orders
-- Generated: 2026-02-09
-- =====================================================

-- Multi-stage order types:
-- HR->CR: Hot Rolled Coil (Process 1, 8 ops) feeds into Cold Rolled Sheet (Process 2, 3 ops) = 11 ops
-- Billet->Rebar: Steel Billet (Process 4, 4 ops) feeds into Rebar (Process 3, 7 ops) = 11 ops
-- Full Pipeline: HR Coil + CR Sheet + Rebar across 3 processes = 18 ops
-- Triple Process: Billet + HR Coil + CR Sheet across 3 processes
-- Heavy HR->CR: Multiple HR Coil variants + CR Sheet

-- Orders (IDs 16-45)
INSERT INTO orders (order_id, order_number, customer_id, customer_name, order_date, status, created_by) VALUES
(16, 'ORD-2026-016', 'CUST-005', 'Asian Electronics Inc', '2026-02-06', 'IN_PROGRESS', 'SYSTEM'),
(17, 'ORD-2026-017', 'CUST-011', 'Oceanic Metals Ltd', '2026-02-06', 'IN_PROGRESS', 'SYSTEM'),
(18, 'ORD-2026-018', 'CUST-009', 'South American Steel SA', '2026-02-06', 'COMPLETED', 'SYSTEM'),
(19, 'ORD-2026-019', 'CUST-005', 'Asian Electronics Inc', '2026-02-07', 'IN_PROGRESS', 'SYSTEM'),
(20, 'ORD-2026-020', 'CUST-005', 'Asian Electronics Inc', '2026-02-07', 'CREATED', 'SYSTEM'),
(21, 'ORD-2026-021', 'CUST-002', 'Global Manufacturing Ltd', '2026-02-07', 'IN_PROGRESS', 'SYSTEM'),
(22, 'ORD-2026-022', 'CUST-001', 'ABC Steel Corporation', '2026-02-08', 'BLOCKED', 'SYSTEM'),
(23, 'ORD-2026-023', 'CUST-001', 'ABC Steel Corporation', '2026-02-08', 'ON_HOLD', 'SYSTEM'),
(24, 'ORD-2026-024', 'CUST-008', 'Middle East Metals FZE', '2026-02-08', 'IN_PROGRESS', 'SYSTEM'),
(25, 'ORD-2026-025', 'CUST-003', 'Pacific Metal Works', '2026-02-09', 'CANCELLED', 'SYSTEM'),
(26, 'ORD-2026-026', 'CUST-005', 'Asian Electronics Inc', '2026-02-09', 'CREATED', 'SYSTEM'),
(27, 'ORD-2026-027', 'CUST-002', 'Global Manufacturing Ltd', '2026-02-09', 'CREATED', 'SYSTEM'),
(28, 'ORD-2026-028', 'CUST-003', 'Pacific Metal Works', '2026-02-10', 'ON_HOLD', 'SYSTEM'),
(29, 'ORD-2026-029', 'CUST-004', 'European Auto Parts GmbH', '2026-02-10', 'COMPLETED', 'SYSTEM'),
(30, 'ORD-2026-030', 'CUST-006', 'BuildRight Construction', '2026-02-10', 'COMPLETED', 'SYSTEM'),
(31, 'ORD-2026-031', 'CUST-004', 'European Auto Parts GmbH', '2026-02-11', 'CREATED', 'SYSTEM'),
(32, 'ORD-2026-032', 'CUST-010', 'African Mining Corp', '2026-02-11', 'ON_HOLD', 'SYSTEM'),
(33, 'ORD-2026-033', 'CUST-005', 'Asian Electronics Inc', '2026-02-11', 'IN_PROGRESS', 'SYSTEM'),
(34, 'ORD-2026-034', 'CUST-011', 'Oceanic Metals Ltd', '2026-02-12', 'CANCELLED', 'SYSTEM'),
(35, 'ORD-2026-035', 'CUST-008', 'Middle East Metals FZE', '2026-02-12', 'CREATED', 'SYSTEM'),
(36, 'ORD-2026-036', 'CUST-005', 'Asian Electronics Inc', '2026-02-12', 'CREATED', 'SYSTEM'),
(37, 'ORD-2026-037', 'CUST-007', 'Nordic Steel Trading AB', '2026-02-13', 'COMPLETED', 'SYSTEM'),
(38, 'ORD-2026-038', 'CUST-007', 'Nordic Steel Trading AB', '2026-02-13', 'IN_PROGRESS', 'SYSTEM'),
(39, 'ORD-2026-039', 'CUST-009', 'South American Steel SA', '2026-02-13', 'COMPLETED', 'SYSTEM'),
(40, 'ORD-2026-040', 'CUST-008', 'Middle East Metals FZE', '2026-02-14', 'CREATED', 'SYSTEM'),
(41, 'ORD-2026-041', 'CUST-004', 'European Auto Parts GmbH', '2026-02-14', 'CREATED', 'SYSTEM'),
(42, 'ORD-2026-042', 'CUST-004', 'European Auto Parts GmbH', '2026-02-14', 'CREATED', 'SYSTEM'),
(43, 'ORD-2026-043', 'CUST-011', 'Oceanic Metals Ltd', '2026-02-15', 'COMPLETED', 'SYSTEM'),
(44, 'ORD-2026-044', 'CUST-009', 'South American Steel SA', '2026-02-15', 'IN_PROGRESS', 'SYSTEM'),
(45, 'ORD-2026-045', 'CUST-002', 'Global Manufacturing Ltd', '2026-02-15', 'CREATED', 'SYSTEM');
ALTER TABLE orders ALTER COLUMN order_id RESTART WITH 46;

-- Audit trail for new orders
INSERT INTO audit_trail (entity_type, entity_id, action, new_value, changed_by, timestamp) VALUES
('ORDER', 16, 'CREATE', 'Created order ORD-2026-016 for Asian Electronics Inc', 'admin', '2026-02-06 08:00:00'),
('ORDER', 16, 'STATUS_CHANGE', 'CREATED -> IN_PROGRESS', 'admin', '2026-02-06 10:00:00'),
('ORDER', 17, 'CREATE', 'Created order ORD-2026-017 for Oceanic Metals Ltd', 'admin', '2026-02-06 08:00:00'),
('ORDER', 17, 'STATUS_CHANGE', 'CREATED -> IN_PROGRESS', 'admin', '2026-02-06 10:00:00'),
('ORDER', 18, 'CREATE', 'Created order ORD-2026-018 for South American Steel SA', 'admin', '2026-02-06 08:00:00'),
('ORDER', 18, 'STATUS_CHANGE', 'CREATED -> COMPLETED', 'admin', '2026-02-06 10:00:00'),
('ORDER', 19, 'CREATE', 'Created order ORD-2026-019 for Asian Electronics Inc', 'admin', '2026-02-07 08:00:00'),
('ORDER', 19, 'STATUS_CHANGE', 'CREATED -> IN_PROGRESS', 'admin', '2026-02-07 10:00:00'),
('ORDER', 20, 'CREATE', 'Created order ORD-2026-020 for Asian Electronics Inc', 'admin', '2026-02-07 08:00:00'),
('ORDER', 21, 'CREATE', 'Created order ORD-2026-021 for Global Manufacturing Ltd', 'admin', '2026-02-07 08:00:00'),
('ORDER', 21, 'STATUS_CHANGE', 'CREATED -> IN_PROGRESS', 'admin', '2026-02-07 10:00:00'),
('ORDER', 22, 'CREATE', 'Created order ORD-2026-022 for ABC Steel Corporation', 'admin', '2026-02-08 08:00:00'),
('ORDER', 22, 'STATUS_CHANGE', 'CREATED -> BLOCKED', 'admin', '2026-02-08 10:00:00'),
('ORDER', 23, 'CREATE', 'Created order ORD-2026-023 for ABC Steel Corporation', 'admin', '2026-02-08 08:00:00'),
('ORDER', 23, 'STATUS_CHANGE', 'CREATED -> ON_HOLD', 'admin', '2026-02-08 10:00:00'),
('ORDER', 24, 'CREATE', 'Created order ORD-2026-024 for Middle East Metals FZE', 'admin', '2026-02-08 08:00:00'),
('ORDER', 24, 'STATUS_CHANGE', 'CREATED -> IN_PROGRESS', 'admin', '2026-02-08 10:00:00'),
('ORDER', 25, 'CREATE', 'Created order ORD-2026-025 for Pacific Metal Works', 'admin', '2026-02-09 08:00:00'),
('ORDER', 25, 'STATUS_CHANGE', 'CREATED -> CANCELLED', 'admin', '2026-02-09 10:00:00'),
('ORDER', 26, 'CREATE', 'Created order ORD-2026-026 for Asian Electronics Inc [MULTI-STAGE: HR→CR]', 'admin', '2026-02-09 08:00:00'),
('ORDER', 27, 'CREATE', 'Created order ORD-2026-027 for Global Manufacturing Ltd [MULTI-STAGE: HR→CR]', 'admin', '2026-02-09 08:00:00'),
('ORDER', 28, 'CREATE', 'Created order ORD-2026-028 for Pacific Metal Works [MULTI-STAGE: HR→CR]', 'admin', '2026-02-10 08:00:00'),
('ORDER', 28, 'STATUS_CHANGE', 'CREATED -> ON_HOLD', 'admin', '2026-02-10 10:00:00'),
('ORDER', 29, 'CREATE', 'Created order ORD-2026-029 for European Auto Parts GmbH [MULTI-STAGE: HR→CR]', 'admin', '2026-02-10 08:00:00'),
('ORDER', 29, 'STATUS_CHANGE', 'CREATED -> COMPLETED', 'admin', '2026-02-10 10:00:00'),
('ORDER', 30, 'CREATE', 'Created order ORD-2026-030 for BuildRight Construction [MULTI-STAGE: Billet→Rebar]', 'admin', '2026-02-10 08:00:00'),
('ORDER', 30, 'STATUS_CHANGE', 'CREATED -> COMPLETED', 'admin', '2026-02-10 10:00:00'),
('ORDER', 31, 'CREATE', 'Created order ORD-2026-031 for European Auto Parts GmbH [MULTI-STAGE: Billet→Rebar]', 'admin', '2026-02-11 08:00:00'),
('ORDER', 32, 'CREATE', 'Created order ORD-2026-032 for African Mining Corp [MULTI-STAGE: Billet→Rebar]', 'admin', '2026-02-11 08:00:00'),
('ORDER', 32, 'STATUS_CHANGE', 'CREATED -> ON_HOLD', 'admin', '2026-02-11 10:00:00'),
('ORDER', 33, 'CREATE', 'Created order ORD-2026-033 for Asian Electronics Inc [MULTI-STAGE: Full Pipeline]', 'admin', '2026-02-11 08:00:00'),
('ORDER', 33, 'STATUS_CHANGE', 'CREATED -> IN_PROGRESS', 'admin', '2026-02-11 10:00:00'),
('ORDER', 34, 'CREATE', 'Created order ORD-2026-034 for Oceanic Metals Ltd [MULTI-STAGE: Full Pipeline]', 'admin', '2026-02-12 08:00:00'),
('ORDER', 34, 'STATUS_CHANGE', 'CREATED -> CANCELLED', 'admin', '2026-02-12 10:00:00'),
('ORDER', 35, 'CREATE', 'Created order ORD-2026-035 for Middle East Metals FZE [MULTI-STAGE: Triple Process]', 'admin', '2026-02-12 08:00:00'),
('ORDER', 36, 'CREATE', 'Created order ORD-2026-036 for Asian Electronics Inc [MIXED]', 'admin', '2026-02-12 08:00:00'),
('ORDER', 37, 'CREATE', 'Created order ORD-2026-037 for Nordic Steel Trading AB [MIXED]', 'admin', '2026-02-13 08:00:00'),
('ORDER', 37, 'STATUS_CHANGE', 'CREATED -> COMPLETED', 'admin', '2026-02-13 10:00:00'),
('ORDER', 38, 'CREATE', 'Created order ORD-2026-038 for Nordic Steel Trading AB [MIXED]', 'admin', '2026-02-13 08:00:00'),
('ORDER', 38, 'STATUS_CHANGE', 'CREATED -> IN_PROGRESS', 'admin', '2026-02-13 10:00:00'),
('ORDER', 39, 'CREATE', 'Created order ORD-2026-039 for South American Steel SA [MULTI-STAGE: Heavy HR→CR]', 'admin', '2026-02-13 08:00:00'),
('ORDER', 39, 'STATUS_CHANGE', 'CREATED -> COMPLETED', 'admin', '2026-02-13 10:00:00'),
('ORDER', 40, 'CREATE', 'Created order ORD-2026-040 for Middle East Metals FZE [MULTI-STAGE: HR→CR]', 'admin', '2026-02-14 08:00:00'),
('ORDER', 41, 'CREATE', 'Created order ORD-2026-041 for European Auto Parts GmbH [MULTI-STAGE: Billet→Rebar]', 'admin', '2026-02-14 08:00:00'),
('ORDER', 42, 'CREATE', 'Created order ORD-2026-042 for European Auto Parts GmbH [MULTI-STAGE: Full Pipeline 4-Stage]', 'admin', '2026-02-14 08:00:00'),
('ORDER', 43, 'CREATE', 'Created order ORD-2026-043 for Oceanic Metals Ltd [MIXED]', 'admin', '2026-02-15 08:00:00'),
('ORDER', 43, 'STATUS_CHANGE', 'CREATED -> COMPLETED', 'admin', '2026-02-15 10:00:00'),
('ORDER', 44, 'CREATE', 'Created order ORD-2026-044 for South American Steel SA [MULTI-STAGE: Billet+Rebar+CR]', 'admin', '2026-02-15 08:00:00'),
('ORDER', 44, 'STATUS_CHANGE', 'CREATED -> IN_PROGRESS', 'admin', '2026-02-15 10:00:00'),
('ORDER', 45, 'CREATE', 'Created order ORD-2026-045 for Global Manufacturing Ltd', 'admin', '2026-02-15 08:00:00');

-- Line Items for new orders (IDs 26-82)
INSERT INTO order_line_items (order_line_id, order_id, product_sku, product_name, quantity, unit, delivery_date, status, created_by) VALUES
(26, 16, 'HR-COIL-2MM', 'Hot Rolled Coil 2mm', 110, 'T', '2026-02-26', 'IN_PROGRESS', 'SYSTEM'),
(27, 17, 'HR-COIL-3MM', 'Hot Rolled Coil 3mm', 170, 'T', '2026-03-21', 'IN_PROGRESS', 'SYSTEM'),
(28, 18, 'HR-COIL-4MM', 'Hot Rolled Coil 4mm', 190, 'T', '2026-03-08', 'COMPLETED', 'SYSTEM'),
(29, 19, 'CR-SHEET-1MM', 'Cold Rolled Sheet 1mm', 60, 'T', '2026-03-09', 'IN_PROGRESS', 'SYSTEM'),
(30, 20, 'CR-SHEET-2MM', 'Cold Rolled Sheet 2mm', 60, 'T', '2026-03-14', 'CREATED', 'SYSTEM'),
(31, 21, 'REBAR-10MM', 'Reinforcement Bar 10mm', 190, 'T', '2026-03-08', 'IN_PROGRESS', 'SYSTEM'),
(32, 22, 'REBAR-12MM', 'Reinforcement Bar 12mm', 250, 'T', '2026-03-16', 'BLOCKED', 'SYSTEM'),
(33, 23, 'STEEL-BILLET-100', 'Steel Billet 100mm', 500, 'T', '2026-03-13', 'ON_HOLD', 'SYSTEM'),
(34, 24, 'REBAR-10MM', 'Reinforcement Bar 10mm', 190, 'T', '2026-03-16', 'IN_PROGRESS', 'SYSTEM'),
(35, 25, 'HR-COIL-2MM', 'Hot Rolled Coil 2mm', 240, 'T', '2026-03-12', 'CANCELLED', 'SYSTEM'),
(36, 26, 'HR-COIL-2MM', 'Hot Rolled Coil 2mm', 140, 'T', '2026-03-06', 'CREATED', 'SYSTEM'),
(37, 26, 'CR-SHEET-1MM', 'Cold Rolled Sheet 1mm', 110, 'T', '2026-03-25', 'CREATED', 'SYSTEM'),
(38, 27, 'HR-COIL-3MM', 'Hot Rolled Coil 3mm', 100, 'T', '2026-03-05', 'CREATED', 'SYSTEM'),
(39, 27, 'CR-SHEET-2MM', 'Cold Rolled Sheet 2mm', 120, 'T', '2026-03-12', 'CREATED', 'SYSTEM'),
(40, 28, 'HR-COIL-4MM', 'Hot Rolled Coil 4mm', 170, 'T', '2026-03-17', 'ON_HOLD', 'SYSTEM'),
(41, 28, 'CR-SHEET-1MM', 'Cold Rolled Sheet 1mm', 110, 'T', '2026-03-28', 'ON_HOLD', 'SYSTEM'),
(42, 29, 'HR-COIL-2MM', 'Hot Rolled Coil 2mm', 120, 'T', '2026-03-09', 'COMPLETED', 'SYSTEM'),
(43, 29, 'CR-SHEET-2MM', 'Cold Rolled Sheet 2mm', 80, 'T', '2026-03-28', 'COMPLETED', 'SYSTEM'),
(44, 30, 'STEEL-BILLET-100', 'Steel Billet 100mm', 220, 'T', '2026-03-28', 'COMPLETED', 'SYSTEM'),
(45, 30, 'REBAR-10MM', 'Reinforcement Bar 10mm', 180, 'T', '2026-03-28', 'COMPLETED', 'SYSTEM'),
(46, 31, 'STEEL-BILLET-100', 'Steel Billet 100mm', 360, 'T', '2026-03-28', 'CREATED', 'SYSTEM'),
(47, 31, 'REBAR-12MM', 'Reinforcement Bar 12mm', 310, 'T', '2026-03-19', 'CREATED', 'SYSTEM'),
(48, 32, 'STEEL-BILLET-100', 'Steel Billet 100mm', 180, 'T', '2026-03-12', 'ON_HOLD', 'SYSTEM'),
(49, 32, 'REBAR-10MM', 'Reinforcement Bar 10mm', 120, 'T', '2026-03-12', 'ON_HOLD', 'SYSTEM'),
(50, 33, 'HR-COIL-2MM', 'Hot Rolled Coil 2mm', 160, 'T', '2026-03-22', 'IN_PROGRESS', 'SYSTEM'),
(51, 33, 'CR-SHEET-1MM', 'Cold Rolled Sheet 1mm', 110, 'T', '2026-03-16', 'IN_PROGRESS', 'SYSTEM'),
(52, 33, 'REBAR-10MM', 'Reinforcement Bar 10mm', 260, 'T', '2026-03-14', 'IN_PROGRESS', 'SYSTEM'),
(53, 34, 'HR-COIL-3MM', 'Hot Rolled Coil 3mm', 90, 'T', '2026-03-16', 'CANCELLED', 'SYSTEM'),
(54, 34, 'CR-SHEET-2MM', 'Cold Rolled Sheet 2mm', 80, 'T', '2026-03-16', 'CANCELLED', 'SYSTEM'),
(55, 34, 'REBAR-12MM', 'Reinforcement Bar 12mm', 140, 'T', '2026-03-14', 'CANCELLED', 'SYSTEM'),
(56, 35, 'STEEL-BILLET-100', 'Steel Billet 100mm', 340, 'T', '2026-03-04', 'CREATED', 'SYSTEM'),
(57, 35, 'HR-COIL-4MM', 'Hot Rolled Coil 4mm', 150, 'T', '2026-03-28', 'CREATED', 'SYSTEM'),
(58, 35, 'CR-SHEET-2MM', 'Cold Rolled Sheet 2mm', 120, 'T', '2026-03-07', 'CREATED', 'SYSTEM'),
(59, 36, 'HR-COIL-2MM', 'Hot Rolled Coil 2mm', 70, 'T', '2026-03-28', 'CREATED', 'SYSTEM'),
(60, 36, 'HR-COIL-3MM', 'Hot Rolled Coil 3mm', 110, 'T', '2026-03-06', 'CREATED', 'SYSTEM'),
(61, 37, 'REBAR-10MM', 'Reinforcement Bar 10mm', 130, 'T', '2026-03-12', 'COMPLETED', 'SYSTEM'),
(62, 37, 'REBAR-12MM', 'Reinforcement Bar 12mm', 170, 'T', '2026-03-14', 'COMPLETED', 'SYSTEM'),
(63, 38, 'CR-SHEET-1MM', 'Cold Rolled Sheet 1mm', 50, 'T', '2026-03-13', 'IN_PROGRESS', 'SYSTEM'),
(64, 38, 'CR-SHEET-2MM', 'Cold Rolled Sheet 2mm', 70, 'T', '2026-03-24', 'IN_PROGRESS', 'SYSTEM'),
(65, 39, 'HR-COIL-2MM', 'Hot Rolled Coil 2mm', 220, 'T', '2026-03-15', 'COMPLETED', 'SYSTEM'),
(66, 39, 'HR-COIL-4MM', 'Hot Rolled Coil 4mm', 180, 'T', '2026-03-13', 'COMPLETED', 'SYSTEM'),
(67, 39, 'CR-SHEET-1MM', 'Cold Rolled Sheet 1mm', 170, 'T', '2026-03-28', 'COMPLETED', 'SYSTEM'),
(68, 40, 'HR-COIL-3MM', 'Hot Rolled Coil 3mm', 120, 'T', '2026-03-21', 'CREATED', 'SYSTEM'),
(69, 40, 'CR-SHEET-1MM', 'Cold Rolled Sheet 1mm', 90, 'T', '2026-03-16', 'CREATED', 'SYSTEM'),
(70, 41, 'STEEL-BILLET-100', 'Steel Billet 100mm', 380, 'T', '2026-03-18', 'CREATED', 'SYSTEM'),
(71, 41, 'REBAR-12MM', 'Reinforcement Bar 12mm', 340, 'T', '2026-03-15', 'CREATED', 'SYSTEM'),
(72, 42, 'STEEL-BILLET-100', 'Steel Billet 100mm', 110, 'T', '2026-03-27', 'CREATED', 'SYSTEM'),
(73, 42, 'HR-COIL-2MM', 'Hot Rolled Coil 2mm', 110, 'T', '2026-03-06', 'CREATED', 'SYSTEM'),
(74, 42, 'CR-SHEET-2MM', 'Cold Rolled Sheet 2mm', 80, 'T', '2026-03-22', 'CREATED', 'SYSTEM'),
(75, 42, 'REBAR-10MM', 'Reinforcement Bar 10mm', 120, 'T', '2026-03-28', 'CREATED', 'SYSTEM'),
(76, 43, 'HR-COIL-2MM', 'Hot Rolled Coil 2mm', 100, 'T', '2026-03-28', 'COMPLETED', 'SYSTEM'),
(77, 43, 'HR-COIL-3MM', 'Hot Rolled Coil 3mm', 70, 'T', '2026-03-22', 'COMPLETED', 'SYSTEM'),
(78, 43, 'HR-COIL-4MM', 'Hot Rolled Coil 4mm', 80, 'T', '2026-03-28', 'COMPLETED', 'SYSTEM'),
(79, 44, 'STEEL-BILLET-100', 'Steel Billet 100mm', 250, 'T', '2026-03-17', 'IN_PROGRESS', 'SYSTEM'),
(80, 44, 'REBAR-12MM', 'Reinforcement Bar 12mm', 170, 'T', '2026-03-28', 'IN_PROGRESS', 'SYSTEM'),
(81, 44, 'CR-SHEET-1MM', 'Cold Rolled Sheet 1mm', 80, 'T', '2026-03-28', 'IN_PROGRESS', 'SYSTEM'),
(82, 45, 'STEEL-BILLET-100', 'Steel Billet 100mm', 470, 'T', '2026-03-08', 'CREATED', 'SYSTEM');
ALTER TABLE order_line_items ALTER COLUMN order_line_id RESTART WITH 83;

-- Operations for new line items (IDs 94-425)
INSERT INTO operations (operation_id, process_id, order_line_id, operation_template_id, operation_name, operation_code, operation_type, sequence_number, status, target_qty, created_by) VALUES
(94, 1, 26, 1, 'Scrap Charging', 'MELT-CHRG', 'FURNACE', 1, 'READY', 110, 'SYSTEM'),
(95, 1, 26, 2, 'EAF Melting', 'MELT-EAF', 'FURNACE', 2, 'NOT_STARTED', 110, 'SYSTEM'),
(96, 1, 26, 3, 'Ladle Refining', 'MELT-LF', 'FURNACE', 3, 'NOT_STARTED', 110, 'SYSTEM'),
(97, 1, 26, 4, 'Slab Casting', 'CAST-SLAB', 'CASTER', 4, 'NOT_STARTED', 110, 'SYSTEM'),
(98, 1, 26, 6, 'Slab Reheating', 'ROLL-RHT', 'FURNACE', 5, 'NOT_STARTED', 110, 'SYSTEM'),
(99, 1, 26, 7, 'Rough Rolling', 'ROLL-RGH', 'ROLLING', 6, 'NOT_STARTED', 110, 'SYSTEM'),
(100, 1, 26, 8, 'Finish Rolling', 'ROLL-FIN', 'ROLLING', 7, 'NOT_STARTED', 110, 'SYSTEM'),
(101, 1, 26, 9, 'Cooling & Coiling', 'ROLL-COOL', 'COOLING', 8, 'NOT_STARTED', 110, 'SYSTEM'),
(102, 1, 27, 1, 'Scrap Charging', 'MELT-CHRG', 'FURNACE', 1, 'CONFIRMED', 170, 'SYSTEM'),
(103, 1, 27, 2, 'EAF Melting', 'MELT-EAF', 'FURNACE', 2, 'CONFIRMED', 170, 'SYSTEM'),
(104, 1, 27, 3, 'Ladle Refining', 'MELT-LF', 'FURNACE', 3, 'CONFIRMED', 170, 'SYSTEM'),
(105, 1, 27, 4, 'Slab Casting', 'CAST-SLAB', 'CASTER', 4, 'READY', 170, 'SYSTEM'),
(106, 1, 27, 6, 'Slab Reheating', 'ROLL-RHT', 'FURNACE', 5, 'NOT_STARTED', 170, 'SYSTEM'),
(107, 1, 27, 7, 'Rough Rolling', 'ROLL-RGH', 'ROLLING', 6, 'NOT_STARTED', 170, 'SYSTEM'),
(108, 1, 27, 8, 'Finish Rolling', 'ROLL-FIN', 'ROLLING', 7, 'NOT_STARTED', 170, 'SYSTEM'),
(109, 1, 27, 9, 'Cooling & Coiling', 'ROLL-COOL', 'COOLING', 8, 'NOT_STARTED', 170, 'SYSTEM'),
(110, 1, 28, 1, 'Scrap Charging', 'MELT-CHRG', 'FURNACE', 1, 'CONFIRMED', 190, 'SYSTEM'),
(111, 1, 28, 2, 'EAF Melting', 'MELT-EAF', 'FURNACE', 2, 'CONFIRMED', 190, 'SYSTEM'),
(112, 1, 28, 3, 'Ladle Refining', 'MELT-LF', 'FURNACE', 3, 'CONFIRMED', 190, 'SYSTEM'),
(113, 1, 28, 4, 'Slab Casting', 'CAST-SLAB', 'CASTER', 4, 'CONFIRMED', 190, 'SYSTEM'),
(114, 1, 28, 6, 'Slab Reheating', 'ROLL-RHT', 'FURNACE', 5, 'CONFIRMED', 190, 'SYSTEM'),
(115, 1, 28, 7, 'Rough Rolling', 'ROLL-RGH', 'ROLLING', 6, 'CONFIRMED', 190, 'SYSTEM'),
(116, 1, 28, 8, 'Finish Rolling', 'ROLL-FIN', 'ROLLING', 7, 'CONFIRMED', 190, 'SYSTEM'),
(117, 1, 28, 9, 'Cooling & Coiling', 'ROLL-COOL', 'COOLING', 8, 'CONFIRMED', 190, 'SYSTEM'),
(118, 2, 29, 10, 'Pickling', 'PKL', 'PICKLING', 1, 'CONFIRMED', 60, 'SYSTEM'),
(119, 2, 29, 11, 'Cold Rolling', 'CRM', 'ROLLING', 2, 'READY', 60, 'SYSTEM'),
(120, 2, 29, 12, 'Batch Annealing', 'ANN', 'HEAT_TREATMENT', 3, 'NOT_STARTED', 60, 'SYSTEM'),
(121, 2, 30, 10, 'Pickling', 'PKL', 'PICKLING', 1, 'READY', 60, 'SYSTEM'),
(122, 2, 30, 11, 'Cold Rolling', 'CRM', 'ROLLING', 2, 'NOT_STARTED', 60, 'SYSTEM'),
(123, 2, 30, 12, 'Batch Annealing', 'ANN', 'HEAT_TREATMENT', 3, 'NOT_STARTED', 60, 'SYSTEM'),
(124, 3, 31, 1, 'Scrap Charging', 'MELT-CHRG', 'FURNACE', 1, 'CONFIRMED', 190, 'SYSTEM'),
(125, 3, 31, 2, 'EAF Melting', 'MELT-EAF', 'FURNACE', 2, 'READY', 190, 'SYSTEM'),
(126, 3, 31, 3, 'Ladle Refining', 'MELT-LF', 'FURNACE', 3, 'NOT_STARTED', 190, 'SYSTEM'),
(127, 3, 31, 5, 'Billet Casting', 'CAST-BILL', 'CASTER', 4, 'NOT_STARTED', 190, 'SYSTEM'),
(128, 3, 31, 13, 'Billet Reheating', 'BAR-RHT', 'FURNACE', 5, 'NOT_STARTED', 190, 'SYSTEM'),
(129, 3, 31, 14, 'Bar Rolling', 'BAR-ROLL', 'ROLLING', 6, 'NOT_STARTED', 190, 'SYSTEM'),
(130, 3, 31, 15, 'Quenching & Tempering', 'BAR-QT', 'HEAT_TREATMENT', 7, 'NOT_STARTED', 190, 'SYSTEM'),
(131, 3, 32, 1, 'Scrap Charging', 'MELT-CHRG', 'FURNACE', 1, 'BLOCKED', 250, 'SYSTEM'),
(132, 3, 32, 2, 'EAF Melting', 'MELT-EAF', 'FURNACE', 2, 'NOT_STARTED', 250, 'SYSTEM'),
(133, 3, 32, 3, 'Ladle Refining', 'MELT-LF', 'FURNACE', 3, 'NOT_STARTED', 250, 'SYSTEM'),
(134, 3, 32, 5, 'Billet Casting', 'CAST-BILL', 'CASTER', 4, 'NOT_STARTED', 250, 'SYSTEM'),
(135, 3, 32, 13, 'Billet Reheating', 'BAR-RHT', 'FURNACE', 5, 'NOT_STARTED', 250, 'SYSTEM'),
(136, 3, 32, 14, 'Bar Rolling', 'BAR-ROLL', 'ROLLING', 6, 'NOT_STARTED', 250, 'SYSTEM'),
(137, 3, 32, 15, 'Quenching & Tempering', 'BAR-QT', 'HEAT_TREATMENT', 7, 'NOT_STARTED', 250, 'SYSTEM'),
(138, 4, 33, 1, 'Scrap Charging', 'MELT-CHRG', 'FURNACE', 1, 'ON_HOLD', 500, 'SYSTEM'),
(139, 4, 33, 2, 'EAF Melting', 'MELT-EAF', 'FURNACE', 2, 'NOT_STARTED', 500, 'SYSTEM'),
(140, 4, 33, 3, 'Ladle Refining', 'MELT-LF', 'FURNACE', 3, 'NOT_STARTED', 500, 'SYSTEM'),
(141, 4, 33, 5, 'Billet Casting', 'CAST-BILL', 'CASTER', 4, 'NOT_STARTED', 500, 'SYSTEM'),
(142, 3, 34, 1, 'Scrap Charging', 'MELT-CHRG', 'FURNACE', 1, 'CONFIRMED', 190, 'SYSTEM'),
(143, 3, 34, 2, 'EAF Melting', 'MELT-EAF', 'FURNACE', 2, 'CONFIRMED', 190, 'SYSTEM'),
(144, 3, 34, 3, 'Ladle Refining', 'MELT-LF', 'FURNACE', 3, 'CONFIRMED', 190, 'SYSTEM'),
(145, 3, 34, 5, 'Billet Casting', 'CAST-BILL', 'CASTER', 4, 'CONFIRMED', 190, 'SYSTEM'),
(146, 3, 34, 13, 'Billet Reheating', 'BAR-RHT', 'FURNACE', 5, 'CONFIRMED', 190, 'SYSTEM'),
(147, 3, 34, 14, 'Bar Rolling', 'BAR-ROLL', 'ROLLING', 6, 'READY', 190, 'SYSTEM'),
(148, 3, 34, 15, 'Quenching & Tempering', 'BAR-QT', 'HEAT_TREATMENT', 7, 'NOT_STARTED', 190, 'SYSTEM'),
(149, 1, 35, 1, 'Scrap Charging', 'MELT-CHRG', 'FURNACE', 1, 'NOT_STARTED', 240, 'SYSTEM'),
(150, 1, 35, 2, 'EAF Melting', 'MELT-EAF', 'FURNACE', 2, 'NOT_STARTED', 240, 'SYSTEM'),
(151, 1, 35, 3, 'Ladle Refining', 'MELT-LF', 'FURNACE', 3, 'NOT_STARTED', 240, 'SYSTEM'),
(152, 1, 35, 4, 'Slab Casting', 'CAST-SLAB', 'CASTER', 4, 'NOT_STARTED', 240, 'SYSTEM'),
(153, 1, 35, 6, 'Slab Reheating', 'ROLL-RHT', 'FURNACE', 5, 'NOT_STARTED', 240, 'SYSTEM'),
(154, 1, 35, 7, 'Rough Rolling', 'ROLL-RGH', 'ROLLING', 6, 'NOT_STARTED', 240, 'SYSTEM'),
(155, 1, 35, 8, 'Finish Rolling', 'ROLL-FIN', 'ROLLING', 7, 'NOT_STARTED', 240, 'SYSTEM'),
(156, 1, 35, 9, 'Cooling & Coiling', 'ROLL-COOL', 'COOLING', 8, 'NOT_STARTED', 240, 'SYSTEM'),
(157, 1, 36, 1, 'Scrap Charging', 'MELT-CHRG', 'FURNACE', 1, 'READY', 140, 'SYSTEM'),
(158, 1, 36, 2, 'EAF Melting', 'MELT-EAF', 'FURNACE', 2, 'NOT_STARTED', 140, 'SYSTEM'),
(159, 1, 36, 3, 'Ladle Refining', 'MELT-LF', 'FURNACE', 3, 'NOT_STARTED', 140, 'SYSTEM'),
(160, 1, 36, 4, 'Slab Casting', 'CAST-SLAB', 'CASTER', 4, 'NOT_STARTED', 140, 'SYSTEM'),
(161, 1, 36, 6, 'Slab Reheating', 'ROLL-RHT', 'FURNACE', 5, 'NOT_STARTED', 140, 'SYSTEM'),
(162, 1, 36, 7, 'Rough Rolling', 'ROLL-RGH', 'ROLLING', 6, 'NOT_STARTED', 140, 'SYSTEM'),
(163, 1, 36, 8, 'Finish Rolling', 'ROLL-FIN', 'ROLLING', 7, 'NOT_STARTED', 140, 'SYSTEM'),
(164, 1, 36, 9, 'Cooling & Coiling', 'ROLL-COOL', 'COOLING', 8, 'NOT_STARTED', 140, 'SYSTEM'),
(165, 2, 37, 10, 'Pickling', 'PKL', 'PICKLING', 1, 'READY', 110, 'SYSTEM'),
(166, 2, 37, 11, 'Cold Rolling', 'CRM', 'ROLLING', 2, 'NOT_STARTED', 110, 'SYSTEM'),
(167, 2, 37, 12, 'Batch Annealing', 'ANN', 'HEAT_TREATMENT', 3, 'NOT_STARTED', 110, 'SYSTEM'),
(168, 1, 38, 1, 'Scrap Charging', 'MELT-CHRG', 'FURNACE', 1, 'READY', 100, 'SYSTEM'),
(169, 1, 38, 2, 'EAF Melting', 'MELT-EAF', 'FURNACE', 2, 'NOT_STARTED', 100, 'SYSTEM'),
(170, 1, 38, 3, 'Ladle Refining', 'MELT-LF', 'FURNACE', 3, 'NOT_STARTED', 100, 'SYSTEM'),
(171, 1, 38, 4, 'Slab Casting', 'CAST-SLAB', 'CASTER', 4, 'NOT_STARTED', 100, 'SYSTEM'),
(172, 1, 38, 6, 'Slab Reheating', 'ROLL-RHT', 'FURNACE', 5, 'NOT_STARTED', 100, 'SYSTEM'),
(173, 1, 38, 7, 'Rough Rolling', 'ROLL-RGH', 'ROLLING', 6, 'NOT_STARTED', 100, 'SYSTEM'),
(174, 1, 38, 8, 'Finish Rolling', 'ROLL-FIN', 'ROLLING', 7, 'NOT_STARTED', 100, 'SYSTEM'),
(175, 1, 38, 9, 'Cooling & Coiling', 'ROLL-COOL', 'COOLING', 8, 'NOT_STARTED', 100, 'SYSTEM'),
(176, 2, 39, 10, 'Pickling', 'PKL', 'PICKLING', 1, 'READY', 120, 'SYSTEM'),
(177, 2, 39, 11, 'Cold Rolling', 'CRM', 'ROLLING', 2, 'NOT_STARTED', 120, 'SYSTEM'),
(178, 2, 39, 12, 'Batch Annealing', 'ANN', 'HEAT_TREATMENT', 3, 'NOT_STARTED', 120, 'SYSTEM'),
(179, 1, 40, 1, 'Scrap Charging', 'MELT-CHRG', 'FURNACE', 1, 'ON_HOLD', 170, 'SYSTEM'),
(180, 1, 40, 2, 'EAF Melting', 'MELT-EAF', 'FURNACE', 2, 'NOT_STARTED', 170, 'SYSTEM'),
(181, 1, 40, 3, 'Ladle Refining', 'MELT-LF', 'FURNACE', 3, 'NOT_STARTED', 170, 'SYSTEM'),
(182, 1, 40, 4, 'Slab Casting', 'CAST-SLAB', 'CASTER', 4, 'NOT_STARTED', 170, 'SYSTEM'),
(183, 1, 40, 6, 'Slab Reheating', 'ROLL-RHT', 'FURNACE', 5, 'NOT_STARTED', 170, 'SYSTEM'),
(184, 1, 40, 7, 'Rough Rolling', 'ROLL-RGH', 'ROLLING', 6, 'NOT_STARTED', 170, 'SYSTEM'),
(185, 1, 40, 8, 'Finish Rolling', 'ROLL-FIN', 'ROLLING', 7, 'NOT_STARTED', 170, 'SYSTEM'),
(186, 1, 40, 9, 'Cooling & Coiling', 'ROLL-COOL', 'COOLING', 8, 'NOT_STARTED', 170, 'SYSTEM'),
(187, 2, 41, 10, 'Pickling', 'PKL', 'PICKLING', 1, 'ON_HOLD', 110, 'SYSTEM'),
(188, 2, 41, 11, 'Cold Rolling', 'CRM', 'ROLLING', 2, 'NOT_STARTED', 110, 'SYSTEM'),
(189, 2, 41, 12, 'Batch Annealing', 'ANN', 'HEAT_TREATMENT', 3, 'NOT_STARTED', 110, 'SYSTEM'),
(190, 1, 42, 1, 'Scrap Charging', 'MELT-CHRG', 'FURNACE', 1, 'CONFIRMED', 120, 'SYSTEM'),
(191, 1, 42, 2, 'EAF Melting', 'MELT-EAF', 'FURNACE', 2, 'CONFIRMED', 120, 'SYSTEM'),
(192, 1, 42, 3, 'Ladle Refining', 'MELT-LF', 'FURNACE', 3, 'CONFIRMED', 120, 'SYSTEM'),
(193, 1, 42, 4, 'Slab Casting', 'CAST-SLAB', 'CASTER', 4, 'CONFIRMED', 120, 'SYSTEM'),
(194, 1, 42, 6, 'Slab Reheating', 'ROLL-RHT', 'FURNACE', 5, 'CONFIRMED', 120, 'SYSTEM'),
(195, 1, 42, 7, 'Rough Rolling', 'ROLL-RGH', 'ROLLING', 6, 'CONFIRMED', 120, 'SYSTEM'),
(196, 1, 42, 8, 'Finish Rolling', 'ROLL-FIN', 'ROLLING', 7, 'CONFIRMED', 120, 'SYSTEM'),
(197, 1, 42, 9, 'Cooling & Coiling', 'ROLL-COOL', 'COOLING', 8, 'CONFIRMED', 120, 'SYSTEM'),
(198, 2, 43, 10, 'Pickling', 'PKL', 'PICKLING', 1, 'CONFIRMED', 80, 'SYSTEM'),
(199, 2, 43, 11, 'Cold Rolling', 'CRM', 'ROLLING', 2, 'CONFIRMED', 80, 'SYSTEM'),
(200, 2, 43, 12, 'Batch Annealing', 'ANN', 'HEAT_TREATMENT', 3, 'CONFIRMED', 80, 'SYSTEM'),
(201, 4, 44, 1, 'Scrap Charging', 'MELT-CHRG', 'FURNACE', 1, 'CONFIRMED', 220, 'SYSTEM'),
(202, 4, 44, 2, 'EAF Melting', 'MELT-EAF', 'FURNACE', 2, 'CONFIRMED', 220, 'SYSTEM'),
(203, 4, 44, 3, 'Ladle Refining', 'MELT-LF', 'FURNACE', 3, 'CONFIRMED', 220, 'SYSTEM'),
(204, 4, 44, 5, 'Billet Casting', 'CAST-BILL', 'CASTER', 4, 'CONFIRMED', 220, 'SYSTEM'),
(205, 3, 45, 1, 'Scrap Charging', 'MELT-CHRG', 'FURNACE', 1, 'CONFIRMED', 180, 'SYSTEM'),
(206, 3, 45, 2, 'EAF Melting', 'MELT-EAF', 'FURNACE', 2, 'CONFIRMED', 180, 'SYSTEM'),
(207, 3, 45, 3, 'Ladle Refining', 'MELT-LF', 'FURNACE', 3, 'CONFIRMED', 180, 'SYSTEM'),
(208, 3, 45, 5, 'Billet Casting', 'CAST-BILL', 'CASTER', 4, 'CONFIRMED', 180, 'SYSTEM'),
(209, 3, 45, 13, 'Billet Reheating', 'BAR-RHT', 'FURNACE', 5, 'CONFIRMED', 180, 'SYSTEM'),
(210, 3, 45, 14, 'Bar Rolling', 'BAR-ROLL', 'ROLLING', 6, 'CONFIRMED', 180, 'SYSTEM'),
(211, 3, 45, 15, 'Quenching & Tempering', 'BAR-QT', 'HEAT_TREATMENT', 7, 'CONFIRMED', 180, 'SYSTEM'),
(212, 4, 46, 1, 'Scrap Charging', 'MELT-CHRG', 'FURNACE', 1, 'READY', 360, 'SYSTEM'),
(213, 4, 46, 2, 'EAF Melting', 'MELT-EAF', 'FURNACE', 2, 'NOT_STARTED', 360, 'SYSTEM'),
(214, 4, 46, 3, 'Ladle Refining', 'MELT-LF', 'FURNACE', 3, 'NOT_STARTED', 360, 'SYSTEM'),
(215, 4, 46, 5, 'Billet Casting', 'CAST-BILL', 'CASTER', 4, 'NOT_STARTED', 360, 'SYSTEM'),
(216, 3, 47, 1, 'Scrap Charging', 'MELT-CHRG', 'FURNACE', 1, 'READY', 310, 'SYSTEM'),
(217, 3, 47, 2, 'EAF Melting', 'MELT-EAF', 'FURNACE', 2, 'NOT_STARTED', 310, 'SYSTEM'),
(218, 3, 47, 3, 'Ladle Refining', 'MELT-LF', 'FURNACE', 3, 'NOT_STARTED', 310, 'SYSTEM'),
(219, 3, 47, 5, 'Billet Casting', 'CAST-BILL', 'CASTER', 4, 'NOT_STARTED', 310, 'SYSTEM'),
(220, 3, 47, 13, 'Billet Reheating', 'BAR-RHT', 'FURNACE', 5, 'NOT_STARTED', 310, 'SYSTEM'),
(221, 3, 47, 14, 'Bar Rolling', 'BAR-ROLL', 'ROLLING', 6, 'NOT_STARTED', 310, 'SYSTEM'),
(222, 3, 47, 15, 'Quenching & Tempering', 'BAR-QT', 'HEAT_TREATMENT', 7, 'NOT_STARTED', 310, 'SYSTEM'),
(223, 4, 48, 1, 'Scrap Charging', 'MELT-CHRG', 'FURNACE', 1, 'ON_HOLD', 180, 'SYSTEM'),
(224, 4, 48, 2, 'EAF Melting', 'MELT-EAF', 'FURNACE', 2, 'NOT_STARTED', 180, 'SYSTEM'),
(225, 4, 48, 3, 'Ladle Refining', 'MELT-LF', 'FURNACE', 3, 'NOT_STARTED', 180, 'SYSTEM'),
(226, 4, 48, 5, 'Billet Casting', 'CAST-BILL', 'CASTER', 4, 'NOT_STARTED', 180, 'SYSTEM'),
(227, 3, 49, 1, 'Scrap Charging', 'MELT-CHRG', 'FURNACE', 1, 'ON_HOLD', 120, 'SYSTEM'),
(228, 3, 49, 2, 'EAF Melting', 'MELT-EAF', 'FURNACE', 2, 'NOT_STARTED', 120, 'SYSTEM'),
(229, 3, 49, 3, 'Ladle Refining', 'MELT-LF', 'FURNACE', 3, 'NOT_STARTED', 120, 'SYSTEM'),
(230, 3, 49, 5, 'Billet Casting', 'CAST-BILL', 'CASTER', 4, 'NOT_STARTED', 120, 'SYSTEM'),
(231, 3, 49, 13, 'Billet Reheating', 'BAR-RHT', 'FURNACE', 5, 'NOT_STARTED', 120, 'SYSTEM'),
(232, 3, 49, 14, 'Bar Rolling', 'BAR-ROLL', 'ROLLING', 6, 'NOT_STARTED', 120, 'SYSTEM'),
(233, 3, 49, 15, 'Quenching & Tempering', 'BAR-QT', 'HEAT_TREATMENT', 7, 'NOT_STARTED', 120, 'SYSTEM'),
(234, 1, 50, 1, 'Scrap Charging', 'MELT-CHRG', 'FURNACE', 1, 'READY', 160, 'SYSTEM'),
(235, 1, 50, 2, 'EAF Melting', 'MELT-EAF', 'FURNACE', 2, 'NOT_STARTED', 160, 'SYSTEM'),
(236, 1, 50, 3, 'Ladle Refining', 'MELT-LF', 'FURNACE', 3, 'NOT_STARTED', 160, 'SYSTEM'),
(237, 1, 50, 4, 'Slab Casting', 'CAST-SLAB', 'CASTER', 4, 'NOT_STARTED', 160, 'SYSTEM'),
(238, 1, 50, 6, 'Slab Reheating', 'ROLL-RHT', 'FURNACE', 5, 'NOT_STARTED', 160, 'SYSTEM'),
(239, 1, 50, 7, 'Rough Rolling', 'ROLL-RGH', 'ROLLING', 6, 'NOT_STARTED', 160, 'SYSTEM'),
(240, 1, 50, 8, 'Finish Rolling', 'ROLL-FIN', 'ROLLING', 7, 'NOT_STARTED', 160, 'SYSTEM'),
(241, 1, 50, 9, 'Cooling & Coiling', 'ROLL-COOL', 'COOLING', 8, 'NOT_STARTED', 160, 'SYSTEM'),
(242, 2, 51, 10, 'Pickling', 'PKL', 'PICKLING', 1, 'READY', 110, 'SYSTEM'),
(243, 2, 51, 11, 'Cold Rolling', 'CRM', 'ROLLING', 2, 'NOT_STARTED', 110, 'SYSTEM'),
(244, 2, 51, 12, 'Batch Annealing', 'ANN', 'HEAT_TREATMENT', 3, 'NOT_STARTED', 110, 'SYSTEM'),
(245, 3, 52, 1, 'Scrap Charging', 'MELT-CHRG', 'FURNACE', 1, 'CONFIRMED', 260, 'SYSTEM'),
(246, 3, 52, 2, 'EAF Melting', 'MELT-EAF', 'FURNACE', 2, 'CONFIRMED', 260, 'SYSTEM'),
(247, 3, 52, 3, 'Ladle Refining', 'MELT-LF', 'FURNACE', 3, 'READY', 260, 'SYSTEM'),
(248, 3, 52, 5, 'Billet Casting', 'CAST-BILL', 'CASTER', 4, 'NOT_STARTED', 260, 'SYSTEM'),
(249, 3, 52, 13, 'Billet Reheating', 'BAR-RHT', 'FURNACE', 5, 'NOT_STARTED', 260, 'SYSTEM'),
(250, 3, 52, 14, 'Bar Rolling', 'BAR-ROLL', 'ROLLING', 6, 'NOT_STARTED', 260, 'SYSTEM'),
(251, 3, 52, 15, 'Quenching & Tempering', 'BAR-QT', 'HEAT_TREATMENT', 7, 'NOT_STARTED', 260, 'SYSTEM'),
(252, 1, 53, 1, 'Scrap Charging', 'MELT-CHRG', 'FURNACE', 1, 'NOT_STARTED', 90, 'SYSTEM'),
(253, 1, 53, 2, 'EAF Melting', 'MELT-EAF', 'FURNACE', 2, 'NOT_STARTED', 90, 'SYSTEM'),
(254, 1, 53, 3, 'Ladle Refining', 'MELT-LF', 'FURNACE', 3, 'NOT_STARTED', 90, 'SYSTEM'),
(255, 1, 53, 4, 'Slab Casting', 'CAST-SLAB', 'CASTER', 4, 'NOT_STARTED', 90, 'SYSTEM'),
(256, 1, 53, 6, 'Slab Reheating', 'ROLL-RHT', 'FURNACE', 5, 'NOT_STARTED', 90, 'SYSTEM'),
(257, 1, 53, 7, 'Rough Rolling', 'ROLL-RGH', 'ROLLING', 6, 'NOT_STARTED', 90, 'SYSTEM'),
(258, 1, 53, 8, 'Finish Rolling', 'ROLL-FIN', 'ROLLING', 7, 'NOT_STARTED', 90, 'SYSTEM'),
(259, 1, 53, 9, 'Cooling & Coiling', 'ROLL-COOL', 'COOLING', 8, 'NOT_STARTED', 90, 'SYSTEM'),
(260, 2, 54, 10, 'Pickling', 'PKL', 'PICKLING', 1, 'NOT_STARTED', 80, 'SYSTEM'),
(261, 2, 54, 11, 'Cold Rolling', 'CRM', 'ROLLING', 2, 'NOT_STARTED', 80, 'SYSTEM'),
(262, 2, 54, 12, 'Batch Annealing', 'ANN', 'HEAT_TREATMENT', 3, 'NOT_STARTED', 80, 'SYSTEM'),
(263, 3, 55, 1, 'Scrap Charging', 'MELT-CHRG', 'FURNACE', 1, 'NOT_STARTED', 140, 'SYSTEM'),
(264, 3, 55, 2, 'EAF Melting', 'MELT-EAF', 'FURNACE', 2, 'NOT_STARTED', 140, 'SYSTEM'),
(265, 3, 55, 3, 'Ladle Refining', 'MELT-LF', 'FURNACE', 3, 'NOT_STARTED', 140, 'SYSTEM'),
(266, 3, 55, 5, 'Billet Casting', 'CAST-BILL', 'CASTER', 4, 'NOT_STARTED', 140, 'SYSTEM'),
(267, 3, 55, 13, 'Billet Reheating', 'BAR-RHT', 'FURNACE', 5, 'NOT_STARTED', 140, 'SYSTEM'),
(268, 3, 55, 14, 'Bar Rolling', 'BAR-ROLL', 'ROLLING', 6, 'NOT_STARTED', 140, 'SYSTEM'),
(269, 3, 55, 15, 'Quenching & Tempering', 'BAR-QT', 'HEAT_TREATMENT', 7, 'NOT_STARTED', 140, 'SYSTEM'),
(270, 4, 56, 1, 'Scrap Charging', 'MELT-CHRG', 'FURNACE', 1, 'READY', 340, 'SYSTEM'),
(271, 4, 56, 2, 'EAF Melting', 'MELT-EAF', 'FURNACE', 2, 'NOT_STARTED', 340, 'SYSTEM'),
(272, 4, 56, 3, 'Ladle Refining', 'MELT-LF', 'FURNACE', 3, 'NOT_STARTED', 340, 'SYSTEM'),
(273, 4, 56, 5, 'Billet Casting', 'CAST-BILL', 'CASTER', 4, 'NOT_STARTED', 340, 'SYSTEM'),
(274, 1, 57, 1, 'Scrap Charging', 'MELT-CHRG', 'FURNACE', 1, 'READY', 150, 'SYSTEM'),
(275, 1, 57, 2, 'EAF Melting', 'MELT-EAF', 'FURNACE', 2, 'NOT_STARTED', 150, 'SYSTEM'),
(276, 1, 57, 3, 'Ladle Refining', 'MELT-LF', 'FURNACE', 3, 'NOT_STARTED', 150, 'SYSTEM'),
(277, 1, 57, 4, 'Slab Casting', 'CAST-SLAB', 'CASTER', 4, 'NOT_STARTED', 150, 'SYSTEM'),
(278, 1, 57, 6, 'Slab Reheating', 'ROLL-RHT', 'FURNACE', 5, 'NOT_STARTED', 150, 'SYSTEM'),
(279, 1, 57, 7, 'Rough Rolling', 'ROLL-RGH', 'ROLLING', 6, 'NOT_STARTED', 150, 'SYSTEM'),
(280, 1, 57, 8, 'Finish Rolling', 'ROLL-FIN', 'ROLLING', 7, 'NOT_STARTED', 150, 'SYSTEM'),
(281, 1, 57, 9, 'Cooling & Coiling', 'ROLL-COOL', 'COOLING', 8, 'NOT_STARTED', 150, 'SYSTEM'),
(282, 2, 58, 10, 'Pickling', 'PKL', 'PICKLING', 1, 'READY', 120, 'SYSTEM'),
(283, 2, 58, 11, 'Cold Rolling', 'CRM', 'ROLLING', 2, 'NOT_STARTED', 120, 'SYSTEM'),
(284, 2, 58, 12, 'Batch Annealing', 'ANN', 'HEAT_TREATMENT', 3, 'NOT_STARTED', 120, 'SYSTEM'),
(285, 1, 59, 1, 'Scrap Charging', 'MELT-CHRG', 'FURNACE', 1, 'READY', 70, 'SYSTEM'),
(286, 1, 59, 2, 'EAF Melting', 'MELT-EAF', 'FURNACE', 2, 'NOT_STARTED', 70, 'SYSTEM'),
(287, 1, 59, 3, 'Ladle Refining', 'MELT-LF', 'FURNACE', 3, 'NOT_STARTED', 70, 'SYSTEM'),
(288, 1, 59, 4, 'Slab Casting', 'CAST-SLAB', 'CASTER', 4, 'NOT_STARTED', 70, 'SYSTEM'),
(289, 1, 59, 6, 'Slab Reheating', 'ROLL-RHT', 'FURNACE', 5, 'NOT_STARTED', 70, 'SYSTEM'),
(290, 1, 59, 7, 'Rough Rolling', 'ROLL-RGH', 'ROLLING', 6, 'NOT_STARTED', 70, 'SYSTEM'),
(291, 1, 59, 8, 'Finish Rolling', 'ROLL-FIN', 'ROLLING', 7, 'NOT_STARTED', 70, 'SYSTEM'),
(292, 1, 59, 9, 'Cooling & Coiling', 'ROLL-COOL', 'COOLING', 8, 'NOT_STARTED', 70, 'SYSTEM'),
(293, 1, 60, 1, 'Scrap Charging', 'MELT-CHRG', 'FURNACE', 1, 'READY', 110, 'SYSTEM'),
(294, 1, 60, 2, 'EAF Melting', 'MELT-EAF', 'FURNACE', 2, 'NOT_STARTED', 110, 'SYSTEM'),
(295, 1, 60, 3, 'Ladle Refining', 'MELT-LF', 'FURNACE', 3, 'NOT_STARTED', 110, 'SYSTEM'),
(296, 1, 60, 4, 'Slab Casting', 'CAST-SLAB', 'CASTER', 4, 'NOT_STARTED', 110, 'SYSTEM'),
(297, 1, 60, 6, 'Slab Reheating', 'ROLL-RHT', 'FURNACE', 5, 'NOT_STARTED', 110, 'SYSTEM'),
(298, 1, 60, 7, 'Rough Rolling', 'ROLL-RGH', 'ROLLING', 6, 'NOT_STARTED', 110, 'SYSTEM'),
(299, 1, 60, 8, 'Finish Rolling', 'ROLL-FIN', 'ROLLING', 7, 'NOT_STARTED', 110, 'SYSTEM'),
(300, 1, 60, 9, 'Cooling & Coiling', 'ROLL-COOL', 'COOLING', 8, 'NOT_STARTED', 110, 'SYSTEM'),
(301, 3, 61, 1, 'Scrap Charging', 'MELT-CHRG', 'FURNACE', 1, 'CONFIRMED', 130, 'SYSTEM'),
(302, 3, 61, 2, 'EAF Melting', 'MELT-EAF', 'FURNACE', 2, 'CONFIRMED', 130, 'SYSTEM'),
(303, 3, 61, 3, 'Ladle Refining', 'MELT-LF', 'FURNACE', 3, 'CONFIRMED', 130, 'SYSTEM'),
(304, 3, 61, 5, 'Billet Casting', 'CAST-BILL', 'CASTER', 4, 'CONFIRMED', 130, 'SYSTEM'),
(305, 3, 61, 13, 'Billet Reheating', 'BAR-RHT', 'FURNACE', 5, 'CONFIRMED', 130, 'SYSTEM'),
(306, 3, 61, 14, 'Bar Rolling', 'BAR-ROLL', 'ROLLING', 6, 'CONFIRMED', 130, 'SYSTEM'),
(307, 3, 61, 15, 'Quenching & Tempering', 'BAR-QT', 'HEAT_TREATMENT', 7, 'CONFIRMED', 130, 'SYSTEM'),
(308, 3, 62, 1, 'Scrap Charging', 'MELT-CHRG', 'FURNACE', 1, 'CONFIRMED', 170, 'SYSTEM'),
(309, 3, 62, 2, 'EAF Melting', 'MELT-EAF', 'FURNACE', 2, 'CONFIRMED', 170, 'SYSTEM'),
(310, 3, 62, 3, 'Ladle Refining', 'MELT-LF', 'FURNACE', 3, 'CONFIRMED', 170, 'SYSTEM'),
(311, 3, 62, 5, 'Billet Casting', 'CAST-BILL', 'CASTER', 4, 'CONFIRMED', 170, 'SYSTEM'),
(312, 3, 62, 13, 'Billet Reheating', 'BAR-RHT', 'FURNACE', 5, 'CONFIRMED', 170, 'SYSTEM'),
(313, 3, 62, 14, 'Bar Rolling', 'BAR-ROLL', 'ROLLING', 6, 'CONFIRMED', 170, 'SYSTEM'),
(314, 3, 62, 15, 'Quenching & Tempering', 'BAR-QT', 'HEAT_TREATMENT', 7, 'CONFIRMED', 170, 'SYSTEM'),
(315, 2, 63, 10, 'Pickling', 'PKL', 'PICKLING', 1, 'CONFIRMED', 50, 'SYSTEM'),
(316, 2, 63, 11, 'Cold Rolling', 'CRM', 'ROLLING', 2, 'READY', 50, 'SYSTEM'),
(317, 2, 63, 12, 'Batch Annealing', 'ANN', 'HEAT_TREATMENT', 3, 'NOT_STARTED', 50, 'SYSTEM'),
(318, 2, 64, 10, 'Pickling', 'PKL', 'PICKLING', 1, 'CONFIRMED', 70, 'SYSTEM'),
(319, 2, 64, 11, 'Cold Rolling', 'CRM', 'ROLLING', 2, 'READY', 70, 'SYSTEM'),
(320, 2, 64, 12, 'Batch Annealing', 'ANN', 'HEAT_TREATMENT', 3, 'NOT_STARTED', 70, 'SYSTEM'),
(321, 1, 65, 1, 'Scrap Charging', 'MELT-CHRG', 'FURNACE', 1, 'CONFIRMED', 220, 'SYSTEM'),
(322, 1, 65, 2, 'EAF Melting', 'MELT-EAF', 'FURNACE', 2, 'CONFIRMED', 220, 'SYSTEM'),
(323, 1, 65, 3, 'Ladle Refining', 'MELT-LF', 'FURNACE', 3, 'CONFIRMED', 220, 'SYSTEM'),
(324, 1, 65, 4, 'Slab Casting', 'CAST-SLAB', 'CASTER', 4, 'CONFIRMED', 220, 'SYSTEM'),
(325, 1, 65, 6, 'Slab Reheating', 'ROLL-RHT', 'FURNACE', 5, 'CONFIRMED', 220, 'SYSTEM'),
(326, 1, 65, 7, 'Rough Rolling', 'ROLL-RGH', 'ROLLING', 6, 'CONFIRMED', 220, 'SYSTEM'),
(327, 1, 65, 8, 'Finish Rolling', 'ROLL-FIN', 'ROLLING', 7, 'CONFIRMED', 220, 'SYSTEM'),
(328, 1, 65, 9, 'Cooling & Coiling', 'ROLL-COOL', 'COOLING', 8, 'CONFIRMED', 220, 'SYSTEM'),
(329, 1, 66, 1, 'Scrap Charging', 'MELT-CHRG', 'FURNACE', 1, 'CONFIRMED', 180, 'SYSTEM'),
(330, 1, 66, 2, 'EAF Melting', 'MELT-EAF', 'FURNACE', 2, 'CONFIRMED', 180, 'SYSTEM'),
(331, 1, 66, 3, 'Ladle Refining', 'MELT-LF', 'FURNACE', 3, 'CONFIRMED', 180, 'SYSTEM'),
(332, 1, 66, 4, 'Slab Casting', 'CAST-SLAB', 'CASTER', 4, 'CONFIRMED', 180, 'SYSTEM'),
(333, 1, 66, 6, 'Slab Reheating', 'ROLL-RHT', 'FURNACE', 5, 'CONFIRMED', 180, 'SYSTEM'),
(334, 1, 66, 7, 'Rough Rolling', 'ROLL-RGH', 'ROLLING', 6, 'CONFIRMED', 180, 'SYSTEM'),
(335, 1, 66, 8, 'Finish Rolling', 'ROLL-FIN', 'ROLLING', 7, 'CONFIRMED', 180, 'SYSTEM'),
(336, 1, 66, 9, 'Cooling & Coiling', 'ROLL-COOL', 'COOLING', 8, 'CONFIRMED', 180, 'SYSTEM'),
(337, 2, 67, 10, 'Pickling', 'PKL', 'PICKLING', 1, 'CONFIRMED', 170, 'SYSTEM'),
(338, 2, 67, 11, 'Cold Rolling', 'CRM', 'ROLLING', 2, 'CONFIRMED', 170, 'SYSTEM'),
(339, 2, 67, 12, 'Batch Annealing', 'ANN', 'HEAT_TREATMENT', 3, 'CONFIRMED', 170, 'SYSTEM'),
(340, 1, 68, 1, 'Scrap Charging', 'MELT-CHRG', 'FURNACE', 1, 'READY', 120, 'SYSTEM'),
(341, 1, 68, 2, 'EAF Melting', 'MELT-EAF', 'FURNACE', 2, 'NOT_STARTED', 120, 'SYSTEM'),
(342, 1, 68, 3, 'Ladle Refining', 'MELT-LF', 'FURNACE', 3, 'NOT_STARTED', 120, 'SYSTEM'),
(343, 1, 68, 4, 'Slab Casting', 'CAST-SLAB', 'CASTER', 4, 'NOT_STARTED', 120, 'SYSTEM'),
(344, 1, 68, 6, 'Slab Reheating', 'ROLL-RHT', 'FURNACE', 5, 'NOT_STARTED', 120, 'SYSTEM'),
(345, 1, 68, 7, 'Rough Rolling', 'ROLL-RGH', 'ROLLING', 6, 'NOT_STARTED', 120, 'SYSTEM'),
(346, 1, 68, 8, 'Finish Rolling', 'ROLL-FIN', 'ROLLING', 7, 'NOT_STARTED', 120, 'SYSTEM'),
(347, 1, 68, 9, 'Cooling & Coiling', 'ROLL-COOL', 'COOLING', 8, 'NOT_STARTED', 120, 'SYSTEM'),
(348, 2, 69, 10, 'Pickling', 'PKL', 'PICKLING', 1, 'READY', 90, 'SYSTEM'),
(349, 2, 69, 11, 'Cold Rolling', 'CRM', 'ROLLING', 2, 'NOT_STARTED', 90, 'SYSTEM'),
(350, 2, 69, 12, 'Batch Annealing', 'ANN', 'HEAT_TREATMENT', 3, 'NOT_STARTED', 90, 'SYSTEM'),
(351, 4, 70, 1, 'Scrap Charging', 'MELT-CHRG', 'FURNACE', 1, 'READY', 380, 'SYSTEM'),
(352, 4, 70, 2, 'EAF Melting', 'MELT-EAF', 'FURNACE', 2, 'NOT_STARTED', 380, 'SYSTEM'),
(353, 4, 70, 3, 'Ladle Refining', 'MELT-LF', 'FURNACE', 3, 'NOT_STARTED', 380, 'SYSTEM'),
(354, 4, 70, 5, 'Billet Casting', 'CAST-BILL', 'CASTER', 4, 'NOT_STARTED', 380, 'SYSTEM'),
(355, 3, 71, 1, 'Scrap Charging', 'MELT-CHRG', 'FURNACE', 1, 'READY', 340, 'SYSTEM'),
(356, 3, 71, 2, 'EAF Melting', 'MELT-EAF', 'FURNACE', 2, 'NOT_STARTED', 340, 'SYSTEM'),
(357, 3, 71, 3, 'Ladle Refining', 'MELT-LF', 'FURNACE', 3, 'NOT_STARTED', 340, 'SYSTEM'),
(358, 3, 71, 5, 'Billet Casting', 'CAST-BILL', 'CASTER', 4, 'NOT_STARTED', 340, 'SYSTEM'),
(359, 3, 71, 13, 'Billet Reheating', 'BAR-RHT', 'FURNACE', 5, 'NOT_STARTED', 340, 'SYSTEM'),
(360, 3, 71, 14, 'Bar Rolling', 'BAR-ROLL', 'ROLLING', 6, 'NOT_STARTED', 340, 'SYSTEM'),
(361, 3, 71, 15, 'Quenching & Tempering', 'BAR-QT', 'HEAT_TREATMENT', 7, 'NOT_STARTED', 340, 'SYSTEM'),
(362, 4, 72, 1, 'Scrap Charging', 'MELT-CHRG', 'FURNACE', 1, 'READY', 110, 'SYSTEM'),
(363, 4, 72, 2, 'EAF Melting', 'MELT-EAF', 'FURNACE', 2, 'NOT_STARTED', 110, 'SYSTEM'),
(364, 4, 72, 3, 'Ladle Refining', 'MELT-LF', 'FURNACE', 3, 'NOT_STARTED', 110, 'SYSTEM'),
(365, 4, 72, 5, 'Billet Casting', 'CAST-BILL', 'CASTER', 4, 'NOT_STARTED', 110, 'SYSTEM'),
(366, 1, 73, 1, 'Scrap Charging', 'MELT-CHRG', 'FURNACE', 1, 'READY', 110, 'SYSTEM'),
(367, 1, 73, 2, 'EAF Melting', 'MELT-EAF', 'FURNACE', 2, 'NOT_STARTED', 110, 'SYSTEM'),
(368, 1, 73, 3, 'Ladle Refining', 'MELT-LF', 'FURNACE', 3, 'NOT_STARTED', 110, 'SYSTEM'),
(369, 1, 73, 4, 'Slab Casting', 'CAST-SLAB', 'CASTER', 4, 'NOT_STARTED', 110, 'SYSTEM'),
(370, 1, 73, 6, 'Slab Reheating', 'ROLL-RHT', 'FURNACE', 5, 'NOT_STARTED', 110, 'SYSTEM'),
(371, 1, 73, 7, 'Rough Rolling', 'ROLL-RGH', 'ROLLING', 6, 'NOT_STARTED', 110, 'SYSTEM'),
(372, 1, 73, 8, 'Finish Rolling', 'ROLL-FIN', 'ROLLING', 7, 'NOT_STARTED', 110, 'SYSTEM'),
(373, 1, 73, 9, 'Cooling & Coiling', 'ROLL-COOL', 'COOLING', 8, 'NOT_STARTED', 110, 'SYSTEM'),
(374, 2, 74, 10, 'Pickling', 'PKL', 'PICKLING', 1, 'READY', 80, 'SYSTEM'),
(375, 2, 74, 11, 'Cold Rolling', 'CRM', 'ROLLING', 2, 'NOT_STARTED', 80, 'SYSTEM'),
(376, 2, 74, 12, 'Batch Annealing', 'ANN', 'HEAT_TREATMENT', 3, 'NOT_STARTED', 80, 'SYSTEM'),
(377, 3, 75, 1, 'Scrap Charging', 'MELT-CHRG', 'FURNACE', 1, 'READY', 120, 'SYSTEM'),
(378, 3, 75, 2, 'EAF Melting', 'MELT-EAF', 'FURNACE', 2, 'NOT_STARTED', 120, 'SYSTEM'),
(379, 3, 75, 3, 'Ladle Refining', 'MELT-LF', 'FURNACE', 3, 'NOT_STARTED', 120, 'SYSTEM'),
(380, 3, 75, 5, 'Billet Casting', 'CAST-BILL', 'CASTER', 4, 'NOT_STARTED', 120, 'SYSTEM'),
(381, 3, 75, 13, 'Billet Reheating', 'BAR-RHT', 'FURNACE', 5, 'NOT_STARTED', 120, 'SYSTEM'),
(382, 3, 75, 14, 'Bar Rolling', 'BAR-ROLL', 'ROLLING', 6, 'NOT_STARTED', 120, 'SYSTEM'),
(383, 3, 75, 15, 'Quenching & Tempering', 'BAR-QT', 'HEAT_TREATMENT', 7, 'NOT_STARTED', 120, 'SYSTEM'),
(384, 1, 76, 1, 'Scrap Charging', 'MELT-CHRG', 'FURNACE', 1, 'CONFIRMED', 100, 'SYSTEM'),
(385, 1, 76, 2, 'EAF Melting', 'MELT-EAF', 'FURNACE', 2, 'CONFIRMED', 100, 'SYSTEM'),
(386, 1, 76, 3, 'Ladle Refining', 'MELT-LF', 'FURNACE', 3, 'CONFIRMED', 100, 'SYSTEM'),
(387, 1, 76, 4, 'Slab Casting', 'CAST-SLAB', 'CASTER', 4, 'CONFIRMED', 100, 'SYSTEM'),
(388, 1, 76, 6, 'Slab Reheating', 'ROLL-RHT', 'FURNACE', 5, 'CONFIRMED', 100, 'SYSTEM'),
(389, 1, 76, 7, 'Rough Rolling', 'ROLL-RGH', 'ROLLING', 6, 'CONFIRMED', 100, 'SYSTEM'),
(390, 1, 76, 8, 'Finish Rolling', 'ROLL-FIN', 'ROLLING', 7, 'CONFIRMED', 100, 'SYSTEM'),
(391, 1, 76, 9, 'Cooling & Coiling', 'ROLL-COOL', 'COOLING', 8, 'CONFIRMED', 100, 'SYSTEM'),
(392, 1, 77, 1, 'Scrap Charging', 'MELT-CHRG', 'FURNACE', 1, 'CONFIRMED', 70, 'SYSTEM'),
(393, 1, 77, 2, 'EAF Melting', 'MELT-EAF', 'FURNACE', 2, 'CONFIRMED', 70, 'SYSTEM'),
(394, 1, 77, 3, 'Ladle Refining', 'MELT-LF', 'FURNACE', 3, 'CONFIRMED', 70, 'SYSTEM'),
(395, 1, 77, 4, 'Slab Casting', 'CAST-SLAB', 'CASTER', 4, 'CONFIRMED', 70, 'SYSTEM'),
(396, 1, 77, 6, 'Slab Reheating', 'ROLL-RHT', 'FURNACE', 5, 'CONFIRMED', 70, 'SYSTEM'),
(397, 1, 77, 7, 'Rough Rolling', 'ROLL-RGH', 'ROLLING', 6, 'CONFIRMED', 70, 'SYSTEM'),
(398, 1, 77, 8, 'Finish Rolling', 'ROLL-FIN', 'ROLLING', 7, 'CONFIRMED', 70, 'SYSTEM'),
(399, 1, 77, 9, 'Cooling & Coiling', 'ROLL-COOL', 'COOLING', 8, 'CONFIRMED', 70, 'SYSTEM'),
(400, 1, 78, 1, 'Scrap Charging', 'MELT-CHRG', 'FURNACE', 1, 'CONFIRMED', 80, 'SYSTEM'),
(401, 1, 78, 2, 'EAF Melting', 'MELT-EAF', 'FURNACE', 2, 'CONFIRMED', 80, 'SYSTEM'),
(402, 1, 78, 3, 'Ladle Refining', 'MELT-LF', 'FURNACE', 3, 'CONFIRMED', 80, 'SYSTEM'),
(403, 1, 78, 4, 'Slab Casting', 'CAST-SLAB', 'CASTER', 4, 'CONFIRMED', 80, 'SYSTEM'),
(404, 1, 78, 6, 'Slab Reheating', 'ROLL-RHT', 'FURNACE', 5, 'CONFIRMED', 80, 'SYSTEM'),
(405, 1, 78, 7, 'Rough Rolling', 'ROLL-RGH', 'ROLLING', 6, 'CONFIRMED', 80, 'SYSTEM'),
(406, 1, 78, 8, 'Finish Rolling', 'ROLL-FIN', 'ROLLING', 7, 'CONFIRMED', 80, 'SYSTEM'),
(407, 1, 78, 9, 'Cooling & Coiling', 'ROLL-COOL', 'COOLING', 8, 'CONFIRMED', 80, 'SYSTEM'),
(408, 4, 79, 1, 'Scrap Charging', 'MELT-CHRG', 'FURNACE', 1, 'CONFIRMED', 250, 'SYSTEM'),
(409, 4, 79, 2, 'EAF Melting', 'MELT-EAF', 'FURNACE', 2, 'READY', 250, 'SYSTEM'),
(410, 4, 79, 3, 'Ladle Refining', 'MELT-LF', 'FURNACE', 3, 'NOT_STARTED', 250, 'SYSTEM'),
(411, 4, 79, 5, 'Billet Casting', 'CAST-BILL', 'CASTER', 4, 'NOT_STARTED', 250, 'SYSTEM'),
(412, 3, 80, 1, 'Scrap Charging', 'MELT-CHRG', 'FURNACE', 1, 'READY', 170, 'SYSTEM'),
(413, 3, 80, 2, 'EAF Melting', 'MELT-EAF', 'FURNACE', 2, 'NOT_STARTED', 170, 'SYSTEM'),
(414, 3, 80, 3, 'Ladle Refining', 'MELT-LF', 'FURNACE', 3, 'NOT_STARTED', 170, 'SYSTEM'),
(415, 3, 80, 5, 'Billet Casting', 'CAST-BILL', 'CASTER', 4, 'NOT_STARTED', 170, 'SYSTEM'),
(416, 3, 80, 13, 'Billet Reheating', 'BAR-RHT', 'FURNACE', 5, 'NOT_STARTED', 170, 'SYSTEM'),
(417, 3, 80, 14, 'Bar Rolling', 'BAR-ROLL', 'ROLLING', 6, 'NOT_STARTED', 170, 'SYSTEM'),
(418, 3, 80, 15, 'Quenching & Tempering', 'BAR-QT', 'HEAT_TREATMENT', 7, 'NOT_STARTED', 170, 'SYSTEM'),
(419, 2, 81, 10, 'Pickling', 'PKL', 'PICKLING', 1, 'CONFIRMED', 80, 'SYSTEM'),
(420, 2, 81, 11, 'Cold Rolling', 'CRM', 'ROLLING', 2, 'READY', 80, 'SYSTEM'),
(421, 2, 81, 12, 'Batch Annealing', 'ANN', 'HEAT_TREATMENT', 3, 'NOT_STARTED', 80, 'SYSTEM'),
(422, 4, 82, 1, 'Scrap Charging', 'MELT-CHRG', 'FURNACE', 1, 'READY', 470, 'SYSTEM'),
(423, 4, 82, 2, 'EAF Melting', 'MELT-EAF', 'FURNACE', 2, 'NOT_STARTED', 470, 'SYSTEM'),
(424, 4, 82, 3, 'Ladle Refining', 'MELT-LF', 'FURNACE', 3, 'NOT_STARTED', 470, 'SYSTEM'),
(425, 4, 82, 5, 'Billet Casting', 'CAST-BILL', 'CASTER', 4, 'NOT_STARTED', 470, 'SYSTEM');
ALTER TABLE operations ALTER COLUMN operation_id RESTART WITH 426;